Date,Actual,ARIMA_Pred,Hybrid_Pred
2023-03-15,-0.24011941073398546,-0.06505851487274025,-0.06663920874817972
2023-03-16,0.6960707780379938,-0.11439525713180876,-0.11564228956090039
2023-03-17,-0.36824084243167743,0.01702328716620257,0.01568276508461138
2023-03-20,-0.34690701595123663,0.14430508356869512,0.14308384144075506
2023-03-21,-0.18544425285486055,0.10050678655701725,0.09922106873440592
2023-03-22,-0.29986962190352573,-0.04532472805933755,-0.04665719070819866
2023-03-23,-0.28115600889238035,-0.08840466792835416,-0.08851370486891158
2023-03-24,-1.3376172054291535,0.015367952140622414,0.014543235383570767
2023-03-27,0.6712301455439551,0.11968506790474934,0.11881038249014822
2023-03-28,-0.267362027990492,0.08633959067990696,0.08590011597150629
2023-03-29,-0.3077941419824537,-0.030030430702319248,-0.030133020082140687
2023-03-30,-0.19587012814553661,-0.06738037547768763,-0.06743783189597743
2023-03-31,-0.07650600405814112,0.014672913478512996,0.014852405124635183
2023-04-03,-0.21304926764313947,0.0998265375404801,0.09978842382258812
2023-04-04,-0.4870563117160387,0.07478985557086543,0.07488714074120634
2023-04-05,0.28830036875628906,-0.01820291464021937,-0.018102405682234514
2023-04-06,-0.013370771493514955,-0.050327612412341384,-0.050765475234196035
2023-04-07,-0.16047071409467373,0.014546123854407185,0.014114708607840427
2023-04-10,-0.1741226895258463,0.08389062246611997,0.08363973906567976
2023-04-11,0.32872668724004406,0.06533141609787896,0.06515145592374216
2023-04-12,-0.2808425275827475,-0.00905885103035367,-0.009382269558195239
2023-04-13,-0.6001475222959796,-0.036489151255952736,-0.03687543356281573
2023-04-14,-0.6982156710628407,0.014756200198617488,0.013947602307025998
2023-04-17,-0.18342391304347894,0.07114858726523193,0.07035610829730826
2023-04-18,1.1365956577962244,0.057559730008883155,0.05658510733739076
2023-04-19,0.20188425302827273,-0.0019862798063314535,-0.0030753467718369343
2023-04-20,0.7790463398253955,-0.02526623586885325,-0.026590639084984283
2023-04-21,-0.3998400639744104,0.015162546429828637,0.014075091350869172
2023-04-24,-0.7226013649136886,0.06098489602983013,0.05956700316119954
2023-04-25,0.7211214449386771,0.05116129639133031,0.0499062045295086
2023-04-26,-0.06691201070592179,0.0034864757683070596,0.0022749049596430954
2023-04-27,-0.6260462002008693,-0.016174601001891283,-0.017837501440423516
2023-04-28,-1.0612134892025726,0.015676495108595256,0.014007147007463638
2023-05-01,-0.14301280305093478,0.05289050715107664,0.05154998506948545
2023-05-02,0.057969037713978544,0.0458890860075943,0.04485321141452266
2023-05-03,0.5520907882629489,0.007721574183131262,0.006311740747230753
2023-05-04,-0.48805287239450657,-0.008818411106563933,-0.010800466245360501
2023-05-05,0.1328292633084649,0.016240260125633017,0.01403415205844833
2023-05-08,-0.21768707482993088,0.046450654114096185,0.0442912909895766
2023-05-09,0.5590400872647949,0.041544927192679146,0.039927159810266
2023-05-10,0.11525423728813156,0.010997445334487807,0.009361947083653163
2023-05-11,-0.5146610685988984,-0.002873113262405729,-0.005048595252385473
2023-05-12,0.5411476414131089,0.016815517944339803,0.014912445595543972
2023-05-15,-0.18618191665820127,0.04133069174089496,0.03930028000571792
2023-05-16,0.35270976056434034,0.03796745559718966,0.03607566645421594
2023-05-17,0.6083136194660277,0.013528891203375408,0.011390482603954026
2023-05-18,-0.057104467584812024,0.0019271784207917156,-0.00024185602300396541
2023-05-19,0.26551944341746125,0.017376975552677053,0.015399756306349176
2023-05-22,0.013408420488070227,0.03726226629953496,0.03569607940300964
2023-05-23,-0.21450596594717597,0.035023910334319314,0.033104719120063325
2023-05-24,0.06045949214026347,0.015482255870066679,0.013140749100186026
2023-05-25,0.341728033736155,0.005799755820938397,0.0033115669097090253
2023-05-26,0.16124561749466526,0.01790847314733029,0.015123696180311449
2023-05-29,-0.14696058784234856,0.034030946079742,0.03163302304792015
2023-05-30,0.08027829810008935,0.03260440154172878,0.030483723927144213
2023-05-31,0.1270053475935784,0.01698676066570836,0.014611404045530733
2023-06-01,0.03338006542492611,0.008921703845504364,0.006449633799735149
2023-06-02,-0.5138814735718089,0.018400402145964542,0.01594283907910947
2023-06-05,0.5098275977728495,0.031465710527268057,0.02907101126853824
2023-06-06,-0.8910098111192699,0.030617720169271025,0.028664679221133384
2023-06-07,0.15152025320717133,0.018142996893376638,0.015688657599613597
2023-06-08,0.11430876815492486,0.011436975525634876,0.008885922806280247
2023-06-09,-0.35596749277990725,0.01884785938732212,0.01638223688773697
2023-06-12,-0.02022108385009158,0.029430286640261892,0.02711940571475554
2023-06-13,0.25955639452572843,0.028988119583271146,0.026664343565396667
2023-06-14,-0.0168106781427535,0.0190293466820032,0.01654438154386586
2023-06-15,0.26901607371041525,0.013462349566165549,0.011053143328521592
2023-06-16,-0.08048829566034144,0.0192492666491164,0.01684167229801846
2023-06-19,0.2080955897160397,0.02781613355035104,0.025374689348956123
2023-06-20,0.5359056806002238,0.027652738594483542,0.024961451279964256
2023-06-21,0.05330490405117683,0.019706890592622865,0.01698820120682131
2023-06-22,-0.4861481086840702,0.015092409650039289,0.012346317960124824
2023-06-23,-0.05353677307100568,0.019605322277628394,0.016991405750148507
2023-06-26,0.34817542684968394,0.02653681658745794,0.024064746541688727
2023-06-27,0.3469673717221511,0.026559479172405996,0.024010038339597382
2023-06-28,-0.37568987299687606,0.020223196061776902,0.017523849314527537
2023-06-29,-0.010011680293675607,0.016403671473278418,0.013915482562049046
2023-06-30,0.5540351111407826,0.019918209115454062,0.017494495898895963
2023-07-03,-0.5177907594264508,0.025523516809851706,0.022986971069411218
2023-07-04,0.46710262912050826,0.025665231414559193,0.0230609862063554
2023-07-05,-0.30552603613177576,0.02061526427788065,0.01794009582882152
2023-07-06,0.4463690872751558,0.017457978524698572,0.014786033848731474
2023-07-07,0.7448418431219794,0.020191006181418808,0.017549687582656653
2023-07-10,-0.40357228756905394,0.02472145319542808,0.021872200533737965
2023-07-11,0.5817028027498727,0.02493437952762555,0.02210608139103364
2023-07-12,-0.3890654266068605,0.02091183397921218,0.018305976884462373
2023-07-13,-1.5095521985897031,0.018305280454482136,0.015739720756213365
2023-07-14,0.1741693461950744,0.02042726209652311,0.017811733682497208
2023-07-17,-0.02006152200080269,0.02408703267580216,0.0214553853963161
2023-07-18,0.21068824827770172,0.024337543214913313,0.021588227751906816
2023-07-19,0.023360587351906048,0.021135187455002914,0.018376200672720323
2023-07-20,0.04003736821032167,0.018985897108528892,0.016360697375226895
2023-07-21,0.39687833511206083,0.020630694846654557,0.018069970808023833
2023-07-24,-0.22256917915157715,0.023585578997672968,0.021190879738943152
2023-07-25,0.023305366893056068,0.023850519338551365,0.021542862186137043
2023-07-26,0.06989981027194503,0.021302567746593025,0.019167382920263674
2023-07-27,-0.16631186801490117,0.01953235838066106,0.017356876390681317
2023-07-28,0.586393016592246,0.020804988109808336,0.018632729892920624
2023-07-31,-0.04637297118250672,0.023189521845406267,0.02086091016789374
2023-08-01,0.10604453870626251,0.023453394589626905,0.021121559139022347
2023-08-02,0.17876059322032845,0.021427290567019964,0.019275986875230456
2023-08-03,0.5881964179498933,0.019970896667406444,0.0176712989477222
2023-08-04,-0.3876478318002641,0.02095365970521031,0.01842194962440787
2023-08-07,0.013191741969520443,0.022876952323758016,0.020342018469863544
2023-08-08,0.4550550682582699,0.023129803845363738,0.020569079806733014
2023-08-09,-0.16281384379923658,0.021519615920849687,0.01920228744915927
2023-08-10,-0.0013164508254615015,0.020322656108359084,0.017921509303445205
2023-08-11,0.34194778720326724,0.021079982657398848,0.018209775470610527
2023-08-14,0.3801035454485957,0.02263047043720276,0.01976026325041444
2023-08-15,0.19586080825226837,0.022866312078266497,0.01994452428917503
2023-08-16,-0.23131556656024177,0.021587430466188925,0.018847786322458523
2023-08-17,0.32981745746660796,0.0206046715921427,0.01745238332847905
2023-08-18,0.003254784533268662,0.021186943716206295,0.017954060892411215
2023-08-21,-0.5500406834825111,0.022436265556199483,0.01909377421444469
2023-08-22,0.26770775379629796,0.02265190052881171,0.01942224147810866
2023-08-23,-0.012405528964487544,0.021636780907296628,0.018436135814421863
2023-08-24,-0.14950963390351069,0.02083066091424969,0.01737211350835112
2023-08-25,-0.3602671015770387,0.02127722782487589,0.017820292305523334
2023-08-28,0.3215434083601254,0.02228338292525049,0.018637855981522164
2023-08-29,-0.21258503401360151,0.022477540469226315,0.018817506546583845
2023-08-30,-0.38674576382288217,0.021672290272470453,0.018187952449004986
2023-08-31,0.12831902082717228,0.021011665448461548,0.017630488829602376
2023-09-01,0.09858044164037238,0.021353219977595178,0.01798977411074218
2023-09-04,0.013131114175046754,0.022163138780821493,0.01883193064488881
2023-09-05,-0.03938817041948539,0.022335840272786525,0.018964334973203448
2023-09-06,0.466277007946414,0.021697482258252954,0.018308246206663704
2023-09-07,0.24839848346189797,0.021156568076925213,0.017607754558788474
2023-09-08,0.03912363067293256,0.02141701821841559,0.017777938820871326
2023-09-11,-0.15643332029722234,0.0220686541829996,0.0185133931186788
2023-09-12,0.13774389198981662,0.02222075364268787,0.018945961535865738
2023-09-13,0.0723679108955988,0.021715033521247904,0.01841767500278155
2023-09-14,0.01823953207042983,0.02127251171304429,0.01783330694569791
2023-09-15,0.27356217025988894,0.021470453302251356,0.018011905896352785
2023-09-18,-0.3182851575186718,0.021994483659349418,0.018784167247198558
2023-09-19,0.2020070376645311,0.022127338738291386,0.018615598843543652
2023-09-20,0.04877414320088036,0.021726969588687875,0.017978281673183896
2023-09-21,-0.1527511456335895,0.021365237345809692,0.017858333110700005
2023-09-22,0.25714471714080034,0.021515111868101584,0.017708395804110395
2023-09-25,-0.21103210934709793,0.02193631954338148,0.018008711522777825
2023-09-26,0.2407600208224947,0.0220515595703893,0.018130399095969706
2023-09-27,0.5712431028886744,0.021734816718786982,0.01820373418548706
2023-09-28,0.49054411669786635,0.021439356954693976,0.017822843968793932
2023-09-29,-0.6101869098850243,0.02155236095927139,0.017968085937122305
2023-10-02,-0.16802378182758648,0.02189075671597052,0.018553101033853773
2023-10-03,0.44018643190057993,0.021990122438066383,0.018741120748811145
2023-10-04,0.6831657643722622,0.021739719397384293,0.01854552185069359
2023-10-05,-0.1984381001152169,0.02149857373828974,0.017893344191042448
2023-10-06,0.2565582707972469,0.021583372445298107,0.018207031486076983
2023-10-09,-0.17913121361397,0.021855105521372542,0.018867230151063785
2023-10-10,0.5665602167852279,0.02194034137088831,0.01887187144044812
2023-10-11,0.17270357457190855,0.021742531068056736,0.018425829911038194
2023-10-12,-0.16222922034545562,0.021545859741314254,0.01812599761252006
2023-10-13,0.29312432294654744,0.021609146420197227,0.018276326397718527
2023-10-16,-0.40027956032784306,0.021827243083283994,0.018225237309128735
2023-10-17,-0.00637917836182611,0.02190002754678604,0.017751590370886295
2023-10-18,0.3393951854066879,0.021743884045492705,0.01794683930077761
2023-10-19,0.5010096750357018,0.021583599050423268,0.018205646204656128
2023-10-20,0.3099892452710806,0.021630533022135547,0.01772387975946074
2023-10-23,0.07568113017153433,0.021805495211850035,0.017692519539962637
2023-10-24,0.03781194857574999,0.021867398502941504,0.01758839828398384
2023-10-25,-0.03779765654529088,0.021744243265287934,0.01800845044215208
2023-10-26,0.059868918578276364,0.02161370317585486,0.018267988061008034
2023-10-27,0.26767438198709304,0.02164825237952468,0.01787216215990779
2023-10-30,-0.10364321608040683,0.021788542666301345,0.017835144460961436
2023-10-31,-0.380419404533594,0.02184100366718775,0.01843887229039973
2023-11-01,-0.5952143198100113,0.02174394750434791,0.01861422565232848
2023-11-02,0.9607129655851532,0.021637703975479542,0.019039906313459812
2023-11-03,-0.3899371069182367,0.02166291256718846,0.019231139685069638
2023-11-06,-1.6157367762659414,0.021775346797399606,0.019640161971070255
2023-11-07,-0.0776506997023696,0.021819663331442626,0.019566810554423483
2023-11-08,0.4727014089595416,0.021743240906398065,0.019338870328392155
2023-11-09,-0.17642748513239104,0.021656828455397684,0.018920408084759314
2023-11-10,0.6256416195728809,0.021675025575752807,0.018919262566562248
2023-11-13,-0.19537215888628667,0.021765090601273452,0.01871757519593147
2023-11-14,-0.10202129694574236,0.02180241868444444,0.018930599611110103
2023-11-15,-2.463777366439013,0.021742297020307496,0.018967191372564748
2023-11-16,1.353313295514047,0.021672058952174635,0.01866484094331369
2023-11-17,-0.08264443529045762,0.02168502137420239,0.018769681131294985
2023-11-20,-0.48852736268174546,0.02175713202150212,0.018060024475470646
2023-11-21,-0.11234710970001727,0.021788490934031682,0.018220334777342754
2023-11-22,0.7749279899335049,0.021741237068234585,0.018174692798091672
2023-11-23,0.7192945198458922,0.021684181529868236,0.017959671912554494
2023-11-24,-0.7545078791834192,0.021693260191877436,0.018067075886701298
2023-11-27,0.4194901581155319,0.021750966979622702,0.01830853843918429
2023-11-28,-0.600899742930594,0.02177724789264608,0.01826873177099038
2023-11-29,-1.341609284582812,0.021740143776908687,0.018471799216270617
2023-11-30,0.9699193918343285,0.021693824880683384,0.01815951857429143
2023-12-01,0.9236048853605405,0.021700043171090595,0.01825761463065218
2023-12-04,-0.7196427843571884,0.02174620012786955,0.01833923309144348
2023-12-05,0.5344164037495602,0.021768176684899273,0.01850144401080722
2023-12-06,-0.4052886232633002,0.021739071805702285,0.018569052790032462
2023-12-07,0.14879989648703962,0.02170149157738124,0.01856854595226978
2023-12-08,0.12919896640826156,0.02170562155167724,0.0187661030105796
2023-12-11,0.38838835685484074,0.021742521727810018,0.01899320626480352
2023-12-12,0.5578321846633427,0.02176086147246609,0.019314581611433127
2023-12-13,-0.4984981146545664,0.021738055571414977,0.019253090433277636
2023-12-14,-1.8883679105915596,0.02170758316894815,0.019230677463540888
2023-12-15,1.2635024549918272,0.02171020454900962,0.01914786862383288
2023-12-18,-1.197311839361903,0.02173968938540301,0.01899198580894253
2023-12-19,1.1228347431788466,0.021754965287306013,0.01888959376015574
2023-12-20,0.003879861785915928,0.021737115087625075,0.018915264497217227
2023-12-21,0.40763506955678874,0.021712420322605085,0.01880513951242776
2023-12-22,-0.5026420930532294,0.021713966080820282,0.01845045717982026
2023-12-25,-0.19948060030764436,0.02173751363353659,0.018575554050596847
2023-12-26,0.3296719105703616,0.021750215226053107,0.018973497691764343
2023-12-27,-0.38809831824062613,0.02173626029484858,0.018828979484671254
2023-12-28,-0.17532467532467289,0.021716258982097388,0.0188492755684011
2023-12-29,0.33825538281402334,0.021717050488108722,0.018629237919116345
2024-01-01,-0.27163948541328864,0.0217358465606443,0.01877214948852578
2024-01-02,-0.0006475247351311886,0.02174639039205337,0.01867469668852115
2024-01-03,0.7475784957420517,0.021735494247760594,0.01864284601913017
2024-01-04,0.36778939217962936,0.021719303323850327,0.01815759471334546
2024-01-05,-0.2828672452587555,0.021719577383221358,0.018193330509559482
2024-01-08,-0.21597575913867573,0.021734572849240717,0.018101940997880515
2024-01-09,0.11629785172024842,0.02174331208174725,0.017620665090583756
2024-01-10,0.2516859733471044,0.02173481544045695,0.01712376566169747
2024-01-11,0.1319643374424695,0.02172171614048547,0.016464297761297885
2024-01-12,0.009643201542908209,0.021721645745125272,0.01582591796540902
2024-01-15,-0.3426207995853803,0.02173360271970309,0.015388157429495227
2024-01-16,0.2760707734422496,0.021740835802892183,0.014713559942582582
2024-01-17,0.5081693040010382,0.02173421948473002,0.01366404953668858
2024-01-18,-0.006399999999995298,0.021723627158447254,0.012568654538138855
2024-01-19,-0.06976696508576019,0.021723337368766527,0.011591558241943578
2024-01-22,-0.07749652328955525,0.02173286637919295,0.01093376389401305
2024-01-23,0.3493365809883908,0.021738844786835975,0.010583514210833377
2024-01-24,0.38005812653700843,0.02173370030534478,0.009925554514052588
2024-01-25,-0.0031816735602929747,0.02172513969747779,0.00918841839341876
2024-01-26,0.594991886474272,0.02172471976274989,0.008743116840667944
2024-01-29,-0.2555692726783909,0.021732309658721558,0.008338061918214432
2024-01-30,0.3830664915482007,0.021737244718469054,0.008186643750167758
2024-01-31,-0.27167045741723905,0.021733250976993825,0.007974716411425855
2024-02-01,-0.10136205258156616,0.02172633599985122,0.007822731179480544
2024-02-02,-0.27268691736952455,0.02172584857772477,0.007507924251066521
2024-02-05,0.007631917286654577,0.021731890587379912,0.007584889268746356
2024-02-06,-0.09982829186074849,0.02173595945791941,0.007948410468861869
2024-02-07,0.13684244025076175,0.02173286429737612,0.007787349961147751
2024-02-08,-0.5466217504608184,0.02172728149295246,0.007831735406819935
2024-02-09,0.08499907130758988,0.02172676963699155,0.007816717270436813
2024-02-12,-0.39782000002868134,0.021731576705160738,0.007956922808471323
2024-02-13,-0.11860494935248544,0.021734927569430903,0.007974780884486273
2024-02-14,0.5263326807663837,0.021732533167645906,0.007940148751780961
2024-02-15,-0.6921456477668175,0.02172802819697441,0.007508491750939501
2024-02-16,0.7644803518993104,0.021727520631030662,0.008030237288550002
2024-02-19,-0.2769294960758062,0.021731342957376717,0.008100147196113346
2024-02-20,0.034554539497966275,0.021734099506780326,0.007807927809104144
2024-02-21,0.17270052449789297,0.021732250833726076,0.007633606577134279
2024-02-22,-0.12132047761956866,0.021728617447798363,0.007301147404496781
2024-02-23,-0.345224395857302,0.021728132528911984,0.007303886724363721
2024-02-26,-0.012191369162173338,0.021731170046642656,0.007821117680087919
2024-02-27,0.33619951070684717,0.021733435332361672,0.007829830511990998
2024-02-28,0.09271989001502501,0.02173201102843625,0.007693006806877678
2024-02-29,0.3782035093113034,0.02172908207156154,0.007925413751382556
2024-03-01,-0.05218998746557846,0.021728630751828012,0.00780245905415183
2024-03-04,-0.07704794558711647,0.02173104314450689,0.007822601966006239
2024-03-05,0.47221564966899443,0.021732902869790578,0.007838968903034711
2024-03-06,-0.09197006215907466,0.021731808044085702,0.007578359179268083
2024-03-07,-0.530108243659333,0.021729448120424207,0.0072471734688968024
2024-03-08,-0.2999744702578466,0.021729036147247093,0.007474038662861126
2024-03-11,-0.5422200583349301,0.021730950885496328,0.007798331641636083
2024-03-12,-0.11778740702453883,0.021732476208460506,0.007645114924860176
2024-03-13,0.18043562314731254,0.021731636757377177,0.007623321647170573
2024-03-14,0.18011063939276095,0.021729736257352007,0.008101764734841956
2024-03-15,0.35957364838834494,0.021729365796323716,0.008238404863055646
2024-03-18,0.059499710092780767,0.02173088458270159,0.00825604204923239
2024-03-19,0.6630744125860399,0.02173213449365879,0.008192816498348961
2024-03-20,-0.1588007368354183,0.021731492622578882,0.008272769420231127
2024-03-21,-0.1972261101921391,0.021729962860296347,0.00858717035229025
2024-03-22,0.23267673870084327,0.02172963368214561,0.008764149159862532
2024-03-25,0.5030661708589124,0.021730837616965367,0.008521957527741982
2024-03-26,-0.11769968128513275,0.021731860948239413,0.008440774877999869
2024-03-27,0.27876330461227283,0.02173137164449881,0.008340348142745004
2024-03-28,0.30957796310335794,0.021730140902155783,0.008245627515071775
2024-03-29,0.0,0.021729851242055523,0.008451660264184105
2024-04-01,-0.18265415380739336,0.021730804961958047,0.00840425692204487
2024-04-02,0.617111336998355,0.021731642081954158,0.008321275941648162
2024-04-03,0.05769666887323055,0.021731270339491463,0.008159714613261319
2024-04-04,-0.11908492635537282,0.021730280651664227,0.007925001143431157
2024-04-05,-0.19766566265060348,0.021730027823575276,0.007773230514355439
2024-04-08,-0.14775692414096264,0.021730782815493857,0.007627303132094657
2024-04-09,0.23298280964674234,0.021731467052780434,0.00752804993786697
2024-04-10,-0.16145367076579875,0.02173118569027344,0.007777611688484346
2024-04-11,0.6663629048437869,0.021730390231335845,0.007833232957149234
2024-04-12,0.05500496668418009,0.021730171060301798,0.007734687542655008
2024-04-15,0.6497157493596584,0.02173076831380597,0.007812656281690509
2024-04-16,-0.22344981689529364,0.021731327151292692,0.007829333518976102
2024-04-17,1.4755844187402722,0.021731115098515965,0.007708230208078839
2024-04-18,-0.40583241083274046,0.02173047606136716,0.008070266807936793
2024-04-19,-0.16003939431245007,0.021730287181467065,0.008255444647997864
2024-04-22,-0.059803916846490335,0.021730759310516108,0.008352630901130427
2024-04-23,0.22023155489188095,0.021731215384585334,0.00829989448635049
2024-04-24,-0.6512360254062544,0.0217310563378605,0.008859061700907622
2024-04-25,0.494416449126045,0.021730543212601976,0.009271192462751703
2024-04-26,-0.11097410604192781,0.0217303812665907,0.009237181597766028
2024-04-29,0.006172077521293673,0.02173075420598537,0.008923235030873122
2024-04-30,0.2653829537739849,0.021731126140696843,0.008931666631145318
2024-05-01,0.16619475563215413,0.021731007509047492,0.008994411341959937
2024-05-02,-0.5075868578319875,0.021730595687022732,0.008660338306417988
2024-05-03,-0.5768874664710766,0.021730457454746575,0.008342657260423512
2024-05-06,-0.12424675405354746,0.021730751815841623,0.008397756229744383
2024-05-07,-0.26746283510604707,0.021731054918095925,0.008335195989534715
2024-05-08,0.24323312959959598,0.021730966998165527,0.008011117709701934
2024-05-09,0.006221613886636668,0.02173063664051471,0.007561069375898219
2024-05-10,-0.2737339803409178,0.021730519116361785,0.007340122230787921
2024-05-13,0.049906425452284076,0.021730751269922917,0.007200120487676327
2024-05-14,0.5175208878912541,0.021730998107723984,0.007113324986331257
2024-05-15,-0.11785869362942458,0.021730933438548133,0.006898878242382094
2024-05-16,-1.1675568252391022,0.0217306685596747,0.00701467012614437
2024-05-17,0.10556619760901942,0.021730568994122408,0.007390141289966963
2024-05-20,0.17073967186818084,0.021730751934795393,0.007290386799125685
2024-05-21,0.45745080837198415,0.02173095281747003,0.006955314348906474
2024-05-22,-0.16218576508015836,0.021730905676515633,0.006995564604433114
2024-05-23,0.22305651554201944,0.021730693402056012,0.007217793138984952
2024-05-24,0.33851268352591557,0.021730609318436074,0.007509461684347081
2024-05-27,-0.35414725069897734,0.021730753354510118,0.007591811701437284
2024-05-28,0.2057613168724215,0.021730916730886805,0.008043305173343528
2024-05-29,0.2862298550183606,0.021730882740938526,0.008349530092799526
2024-05-30,0.7141503342743771,0.02173071270733917,0.008183335046468617
2024-05-31,-0.025256186652722334,0.021730641901962874,0.0077641728078056554
2024-06-03,0.0924328321419754,0.02173075520544326,0.008001234132042286
2024-06-04,-0.24625992735332058,0.021730887993524066,0.008333416945586196
2024-06-05,0.45053385175584104,0.021730863816457703,0.008238290763812973
2024-06-06,0.23961661341853624,0.021730727685397126,0.008176902478342511
2024-06-07,-0.44927860672694386,0.021730668216944124,0.008246154829860117
2024-06-10,0.17424163940464865,0.02173075726198799,0.00846223713773138
2024-06-11,0.25814382298710026,0.021730865121525302,0.00837207935069181
2024-06-12,-0.04045861558974462,0.021730848220112,0.00829469189506975
2024-06-13,-0.4624258762044975,0.02173073928600968,0.008207540621821295
2024-06-14,0.34504004929143406,0.021730689458407972,0.008471841119088743
2024-06-17,1.1905955460211226,0.02173075937058877,0.008568624224030486
2024-06-18,-0.005463568369090677,0.02173084692816305,0.0080093855203228
2024-06-19,-0.6068329388919214,0.02173083538107868,0.008028716611790616
2024-06-20,0.011602604707250386,0.021730748254012108,0.007988332088243007
2024-06-21,0.6776184297141885,0.021730706595790916,0.007819042109859519
2024-06-24,-0.296511556987078,0.021730761430173058,0.007657907358317513
2024-06-25,-0.297393362677123,0.021730832464820875,0.0077208426667518745
2024-06-26,0.0420906959785361,0.021730824823215113,0.007856233495011435
2024-06-27,0.2012072434607548,0.02173075517288983,0.007869058937054276
2024-06-28,-0.3626603953693519,0.02173072041506631,0.008018929860840865
2024-07-01,-0.1917651326211467,0.021730763377475315,0.00779814413361507
2024-07-02,0.2875848987333951,0.021730820973604195,0.00791103425362634
2024-07-03,0.0061012812690774965,0.02173081615009085,0.0077772421483017565
2024-07-04,-0.3111463608077569,0.021730760499213905,0.007972225933645934
2024-07-05,-0.07037943696450721,0.0217307315531005,0.007709457850717458
2024-07-08,-0.5113758152922809,0.021730765176091103,0.007769131508741287
2024-07-09,0.1982160376269526,0.021730811849307082,0.007762730635773204
2024-07-10,-0.0012299124548365015,0.021730809032212087,0.00794809546996195
2024-07-11,-0.48534742274375375,0.021730764589820754,0.008202730498824966
2024-07-12,-0.5803185578466485,0.02173074052565052,0.008126947068500062
2024-07-15,0.024838549428718437,0.02173076680836559,0.008097958927725558
2024-07-16,0.5401042960019975,0.021730804608902775,0.008072206543526493
2024-07-17,-0.13584439641864954,0.0217308031961605,0.008275304232566064
2024-07-18,-0.21641006615964464,0.02173076772324773,0.00800769419603082
2024-07-19,0.29123807163218274,0.021730747750164467,0.0079770486114039
2024-07-22,0.12974976830397722,0.021730768269427755,0.007664361743756273
2024-07-23,0.08762307363012756,0.021730798867081465,0.008170526113842787
2024-07-24,0.011096069504867856,0.021730798415392116,0.008562215722649768
2024-07-25,0.14794723215385552,0.021730770116624512,0.008662124855396428
2024-07-26,0.5650609669303197,0.021730753564336812,0.007885176659622704
2024-07-29,-0.3354172859418747,0.02173076956284212,0.008107633467139472
2024-07-30,0.11484490150770466,0.02173079431664638,0.008592837235447688
2024-07-31,0.16439883181760262,0.021730794502467194,0.008762086672753373
2024-08-01,-0.4501332026824234,0.02173077193897222,0.008323629106096967
2024-08-02,0.15995078437403,0.02173075824119923,0.008330062954508041
2024-08-05,-1.652232663841291,0.021730770697473974,0.008273659614502878
2024-08-06,1.2240819385460844,0.021730790712810963,0.007688563183821648
2024-08-07,-0.34365865814721674,0.021730791302507383,0.007035747626905901
2024-08-08,-0.8005039916976764,0.021730773321664777,0.007624069399512257
2024-08-09,-0.2746052549460143,0.021730762001385896,0.008491256300618855
2024-08-12,-0.3817510482508335,0.021730771685260043,0.008678244823830828
2024-08-13,0.19537384957279968,0.021730787860627054,0.00875402036535251
2024-08-14,-1.2546138294689646,0.021730788687700602,0.008020610252851817
2024-08-15,-0.8222744301225493,0.021730774366650423,0.008562191673908075
2024-08-16,0.8675053618873774,0.021730765023096142,0.008671790615482865
2024-08-19,-0.4569977784830259,0.021730772539650393,0.008678245678221178
2024-08-20,-1.0202129694573792,0.02173078560492483,0.008652468558759365
2024-08-21,-0.5218063518649729,0.02173078655269695,0.009235974764495617
2024-08-22,0.27198549410698547,0.02173077515290659,0.009032865194245988
2024-08-23,1.5790493412554785,0.021730767450181824,0.008861997051982266
2024-08-26,-2.23352388776743,0.021730773274544292,0.008841048118415885
2024-08-27,0.5553638697409546,0.021730783822266647,0.008644408041863033
2024-08-28,0.029102480266463004,0.02173078481075952,0.008803985565580822
2024-08-29,-0.17520808722647496,0.021730775741502617,0.00831073781625924
2024-08-30,0.031086817924230736,0.02173076939870847,0.00828332916935218
2024-09-02,0.5192698923048411,0.02173077390358631,0.008081847623147408
2024-09-03,-0.031564512882442664,0.021730782414514895,0.008388115043480273
2024-09-04,0.0824787312722286,0.021730783390552944,0.007931951428503937
2024-09-05,-0.5697583694891595,0.021730776179566286,0.00750156887991657
2024-09-06,-0.17741310722320103,0.02173077096227515,0.007498339423872114
2024-09-09,-0.07783615489395102,0.021730774439722322,0.008041550762802385
2024-09-10,0.33625319498540307,0.02173078130369273,0.007504797311473757
2024-09-11,0.20832381682742707,0.021730782233468894,0.007804610535792712
2024-09-12,-0.3357221253793008,0.021730776503388075,0.007833619229201463
2024-09-13,-0.11854508445617862,0.021730772216325408,0.008278496560161715
2024-09-16,-0.16668198348076535,0.021730774894940533,0.008587982386934437
2024-09-17,-0.05197167543689041,0.02173078042787992,0.00873144605529987
2024-09-18,-0.259993500162492,0.021730781291402754,0.008626674060501036
2024-09-19,-0.2919505030140157,0.02173077674084766,0.008902302807806566
2024-09-20,-0.670583290595983,0.02173077322163866,0.009047369543400269
2024-09-23,-0.286884840340873,0.02173077528014195,0.00928915598078978
2024-09-24,0.1326356696251807,0.021730779737937016,0.009410051696705383
2024-09-25,-0.3492793731712074,0.021730780524908302,0.00930205631792426
2024-09-26,0.5317099463794994,0.0217307769133083,0.009156982451521554
2024-09-27,-0.8650462125448177,0.02173077402715629,0.009047370348917897
2024-09-30,0.3185136031851332,0.021730775605099444,0.009123131293015722
2024-10-01,0.34792703647970047,0.021730779194892046,0.008966781655014154
2024-10-02,0.5932527541256949,0.02173077990166844,0.009152149081751715
2024-10-03,0.41545150418631493,0.021730777037093807,0.008894244369814563
2024-10-04,0.8679196032367553,0.02173077467226796,0.008990955197749662
2024-10-07,1.2486252183476765,0.021730775878475522,0.009255306728826379
2024-10-08,0.6006389776357812,0.021730778767856875,0.009576075739356794
2024-10-09,-0.3912576814977142,0.021730779395229716,0.009310114853806395
2024-10-10,-0.11350801412162159,0.02173077712463851,0.009518046180481864
2024-10-11,0.0402230596831199,0.021730775188660276,0.010107996117329252
2024-10-14,-0.6949210824551577,0.02173077610787729,0.009767888276845015
2024-10-15,0.07068500192777272,0.02173077843236675,0.010000003195283314
2024-10-16,0.03595716544659844,0.021730778983956464,0.009954870923584588
2024-10-17,0.03402604459268321,0.021730777185381252,0.009922631394089061
2024-10-18,-0.5832967892921315,0.021730775601810758,0.009866213082916086
2024-10-21,-0.16781772413347884,0.021730776299933235,0.010122504440346996
2024-10-22,0.5754186332191047,0.021730778169057826,0.009896841261706809
2024-10-23,0.19285163281048678,0.021730778650167624,0.01009026905966107
2024-10-24,0.4940331066341619,0.021730777226459254,0.009845259949635733
2024-10-25,-0.2649556279129106,0.02173077593219456,0.009888780290605394
2024-10-28,0.42633299859169416,0.02173077646038106,0.009729203352244406
2024-10-29,0.3754463070198888,0.021730777962614464,0.009851708231975006
2024-10-30,0.13335873499713546,0.021730778379425133,0.00982108303724202
2024-10-31,-0.4597919837645903,0.021730777253245806,0.00987910982671926
2024-11-01,0.111496925870469,0.02173077619625865,0.009637325322168454
2024-11-04,0.8209762616941285,0.021730776594159246,0.009252083205756784
2024-11-05,-0.3282413836636744,0.021730777800931744,0.009387483813717179
2024-11-06,-0.7916402786573795,0.021730778159947953,0.00943100487664517
2024-11-07,0.9779776272741847,0.021730777269766098,0.00974209925399757
2024-11-08,-1.644941852421411,0.021730776407207893,0.010512582488741325
2024-11-11,0.5733397307655208,0.021730776705497393,0.010490015909725318
2024-11-12,0.7528490925986286,0.02173077767444958,0.010306261346770422
2024-11-13,0.15160412702188708,0.021730777982130117,0.010486793878927297
2024-11-14,0.3692455031391262,0.021730777279018242,0.010378796078740437
2024-11-15,0.5433111736700802,0.021730776575638988,0.01042070489121888
2024-11-18,-0.2635988810531509,0.02173077679800226,0.010190204639009968
2024-11-19,-0.536143653191723,0.02173077757562358,0.009674399859261103
2024-11-20,0.06959338655234681,0.021730777838144665,0.009410049796913032
2024-11-21,0.6063083181707896,0.0217307772832205,0.009503539127319067
2024-11-22,-0.6039062990950805,0.021730776710051473,0.009171489460009511
2024-11-25,0.7782789695505832,0.02173077687473763,0.008862006476538072
2024-11-26,-0.2434115726944741,0.021730777498504866,0.008907139923593748
2024-11-27,0.18111717564557317,0.021730777721618567,0.009289158422266398
2024-11-28,-0.4174513496547405,0.02173077728400131,0.009181160887574154
2024-11-29,0.0914047971759091,0.021730776817259455,0.009077999681887293
2024-12-02,-0.30860309862703605,0.02173077693829711,0.009000628317393618
2024-12-03,0.5117189967780655,0.021730777438406554,0.00922629386526784
2024-12-04,0.18856065367693908,0.0217307776273661,0.009393931186335597
2024-12-05,-0.20953820969259462,0.021730777282544914,0.009242413040527645
2024-12-06,-0.41995024912885315,0.021730776902723143,0.009297216337609122
2024-12-09,-0.08838495544530867,0.021730776990869487,0.009340738060989822
2024-12-10,0.2413792401265269,0.02173077739163925,0.009439063773897187
2024-12-11,0.2773575390822014,0.02173077755117038,0.009163430635567696
2024-12-12,0.34573799346240275,0.02173077727970271,0.009235965491501377
2024-12-13,0.027566188216510135,0.021730776970815706,0.009682458920013952
2024-12-16,0.36574152732331555,0.02173077703429673,0.009977434919907786
2024-12-17,-0.4417864041131425,0.021730777355301375,0.010206324527430529
2024-12-18,-0.18050645369790397,0.021730777489604544,0.010307873281302046
2024-12-19,1.375718041265661,0.021730777276078066,0.010414258045473895
2024-12-20,-1.0157755011299674,0.021730777025037954,0.009364916160517881
2024-12-23,1.1138017694142244,0.021730777070124985,0.009745322361787202
2024-12-24,0.3607817503985533,0.021730777327113107,0.010667325448386625
2024-12-25,-1.5218023051008833,0.021730777439885465,0.010801111911647645
2024-12-26,-5.64404679218341,0.02173077727209077,0.010562551603720046
2024-12-27,7.4296228141335074,0.02173077706819095,0.010312708286695855
2024-12-30,-0.06794737167212794,0.021730777099649056,0.01033366307608281
2024-12-31,-0.5711484152861934,0.021730777305284887,0.01051258338681832
2025-01-02,0.9008081398504286,0.021730777399754184,0.010599625820433754
2025-01-03,-0.18114285219186232,0.02173077726802576,0.010177310016665345
2025-01-06,-0.13764377249181337,0.02173077710251477,0.010452943149014977
2025-01-07,0.0018530712482922596,0.021730777123950933,0.010651205914103005
2025-01-08,-0.13226579092262547,0.021730777288413466,0.010354618022776069
2025-01-09,0.1850474615884723,0.021730777367378284,0.009672787531639148
2025-01-10,0.30517428041887396,0.021730777264069846,0.00874433798385792
2025-01-13,0.19092196834391562,0.021730777129799938,0.00785779792097292
2025-01-14,0.1672006104776358,0.021730777143932973,0.007135669968523179
2025-01-15,0.15219085614324168,0.021730777275399685,0.006531211015419484
2025-01-16,0.2499988032322209,0.021730777341272208,0.006291039753105018
2025-01-17,0.048897365015787564,0.02173077726033924,0.0060218539204954895
2025-01-20,-0.010386804975237585,0.02173077715147692,0.004791980884563507
2025-01-21,-0.7460063926357563,0.021730777160346337,0.004071465046226807
2025-01-22,0.5281613092489978,0.02173077726538356,0.002959259243561583
2025-01-23,-0.6000930828376827,0.021730777320232295,0.0024450667917393677
2025-01-24,-0.011701087214488481,0.021730777256900057,0.0015633612952768647
2025-01-27,-0.40663178512340137,0.02173077716868793,0.0009975864682761348
2025-01-28,-0.057536891816512004,0.021730777173815254,0.0007477442916016611
2025-01-29,-1.6984786742503033,0.02173077725769304,0.0001336135059716581
2025-01-30,2.2466803534962887,0.02173077730328382,0.00013844897836984282
2025-01-31,0.2247813770168694,0.021730777253783536,-8.076764138858356e-05
2025-02-03,0.41045687847554024,0.02173077718234456,-0.0006094683625658716
2025-02-04,-0.13034339337798517,0.02173077718485764,-0.0010914240671260032
2025-02-05,-0.12806611902573817,0.021730777251803612,-0.001903816682017112
2025-02-06,-0.006135308231536296,0.021730777289637907,-0.0017152256854683322
2025-02-07,0.1773236838507053,0.021730777250997174,-0.0013219244755586501
2025-02-10,-0.07533413785447696,0.021730777193173935,-0.0009576377083210449
2025-02-11,0.09438980721769852,0.021730777193902557,-0.0013815645676864934
2025-02-12,0.08083352599344007,0.021730777247306453,-0.0012655086829694642
2025-02-13,0.19396447285027207,0.021730777278656414,-0.00104145479190881
2025-02-14,-0.9526717557251874,0.02173077724853288,-0.0008560881020711758
2025-02-17,-0.2836179789136195,0.021730777201755744,-0.00110270795454194
2025-02-18,0.29060780312866186,0.02173077720130497,-0.0010253374007839593
2025-02-19,0.5980271270036974,0.02173077724388336,-0.0012864634443214042
2025-02-20,0.18018257415579608,0.021730777269823424,-0.0016314085362125717
2025-02-21,-0.6197130795113637,0.021730777246372825,-0.0018699668371509257
2025-02-24,0.20252501625790398,0.021730777208551884,-0.0021826751932053565
2025-02-25,0.007985039240088199,0.021730777207358127,-0.0026984807517692992
2025-02-26,0.2131553305659173,0.02173077724128705,-0.002733941756191436
2025-02-27,0.3273286172918999,0.021730777262722056,-0.0024921573558702066
2025-02-28,1.1382310182361577,0.021730777244493585,-0.002140765641405959
2025-03-03,-0.19149326281158174,0.02173077721393019,-0.0025227830162057284
2025-03-04,-0.4285242782350762,0.021730777212304014,-0.0021181997276125963
2025-03-05,-0.4388690319166,0.021730777239325653,-0.0025985423569649356
2025-03-06,-0.6721998252335326,0.021730777257015617,-0.0031804345465398717
2025-03-07,0.3269994742893356,0.021730777242869058,-0.002603377780228934
2025-03-10,-0.18073655170598446,0.021730777218183426,-0.003333564505735489
2025-03-11,0.19272793401816646,0.021730777216342062,-0.003048261287423998
2025-03-12,0.6732442454361776,0.02173077723785056,-0.003315833966892827
2025-03-13,-0.7807080376560638,0.021730777252432328,-0.0033126097135577383
2025-03-14,-0.28395033483392673,0.02173077724147244,-0.0027903575522859533
2025-03-17,0.3794763369497023,0.021730777221544477,-0.002974113104120997
2025-03-18,0.3002267017952365,0.02173077721963645,-0.002543737768428315
2025-03-19,0.8827122785583397,0.021730777236746875,-0.0023986674965151868
2025-03-20,-1.1153846335795858,0.02173077724875292,-0.0027403883635870527
2025-03-21,0.6013373697175695,0.021730777240277502,-0.0022068522955167556
2025-03-24,0.5508719603128709,0.021730777224198472,-0.00206823053429972
2025-03-25,0.3438512092136303,0.021730777222322188,-0.002076290201736726
2025-03-26,0.27268196177361315,0.021730777235925956,-0.0017168387898795177
2025-03-27,0.04813188135490698,0.02173077724580057,-0.00175874643321745
2025-03-28,-0.40952317863370835,0.02173077723925945,-0.002427681917492184
2025-03-31,0.0851379396193952,0.021730777226292516,-0.002617885939872836
2025-04-01,0.4645550527903497,0.02173077722451019,-0.0031272430215187087
2025-04-02,0.4768219470634216,0.02173077723531956,-0.003514097644398268
2025-04-03,0.04542123909281326,0.021730777243432767,-0.003040201594772571
2025-04-04,0.004783925264351119,0.02173077723839534,-0.003352908055398337
2025-04-07,-0.010757483159640202,0.021730777227943403,-0.0036688387601919344
2025-04-08,0.703185677799012,0.02173077722629149,-0.00481811503330629
2025-04-09,1.1640049417632525,0.02173077723487526,-0.0039654258777269726
2025-04-10,-1.4450025215985263,0.021730777241534698,-0.0034335028452210543
2025-04-11,0.1684018996757075,0.02173077723766437,-0.0017103903106344652
2025-04-14,-0.2720762936734622,0.021730777229243825,-0.0022745520071443814
2025-04-15,-0.04765308553729142,0.02173077722774072,-0.003256193941969441
2025-04-16,0.19964243146604055,0.021730777234552915,-0.0017700303487791468
2025-04-17,-0.11241199408213998,0.021730777240013925,-0.002160107353115233
2025-04-21,0.0,0.02173077723704789,-0.002548573177824278
2025-04-22,0.12087683971142571,0.02173077723026728,-0.002047275770302063
2025-04-23,0.256910345862571,0.02173077722891902,-0.0015556492109623059
2025-04-24,-0.07177327015123192,0.021730777234321843,-0.0007964480812489884
2025-04-25,-0.40068859076338725,0.021730777238796045,0.0007138945062854785
2025-04-28,0.2652203713085166,0.0217307772365294,-0.00024195724456686774
2025-04-29,-0.16643880401830957,0.021730777231072026,0.00021098403355939918
2025-04-30,-0.4947877902649611,0.021730777229876437,-0.00043538363674171937
2025-05-01,-0.993304149258345,0.02173077723415869,-0.000590126603522128
2025-05-02,0.363229609487159,0.021730777237821217,-0.0010059937943929474
2025-05-05,-0.8792002890521511,0.02173077723609441,-0.0012300457931852977
2025-05-06,-0.23390036452004548,0.021730777231704194,-0.0014057435265670236
2025-05-07,0.0639405657217651,0.0217307772306539,-0.001868355664815767
2025-05-08,0.3687902225839812,0.021730777234045724,-0.002132705986293098
2025-05-09,0.2771010814391017,0.021730777237041324,-0.0017297338811322754
2025-05-12,0.02841415700534089,0.021730777235730317,-0.0020343806724709007
2025-05-13,0.8813442619234779,0.021730777232200304,-0.0025163363830741255
2025-05-14,-0.5356909210962768,0.02173077723128485,-0.0021520495589287363
2025-05-15,-0.24820879613379754,0.021730777233969555,-0.002311626091468944
2025-05-16,-0.28021427262125975,0.021730777236417698,-0.002179450926586224
2025-05-19,-0.15020034203757637,0.021730777235426203,-0.0023889966442210524
2025-05-20,-0.3578577060714516,0.02173077723258923,-0.0023148503316025894
2025-05-21,-0.15217920623326053,0.0217307772317966,-0.002888682874099397
2025-05-22,-0.3377454771992916,0.021730777233920102,-0.003241687655367847
2025-05-23,0.05689386498470839,0.021730777235919277,-0.004107273755377491
2025-05-26,-0.8919806756824356,0.021730777235172683,-0.004107273756124085
2025-05-27,0.200481154771448,0.021730777232893798,-0.00415724107717624
2025-05-28,0.21854895804476193,0.021730777232211423,-0.004262014867502856
2025-05-29,0.04300018428651242,0.021730777233889817,-0.003115959107825042
2025-05-30,0.04298170207539531,0.021730777235521134,-0.003215897469030563
2025-06-02,0.17799054808813608,0.021730777234961727,-0.0029531583327748988
2025-06-03,-0.20524445533635083,0.021730777233132027,-0.002766178563944198
2025-06-04,0.2695177003714244,0.02173077723254749,-0.0029031910164158646
2025-06-05,-0.2504248588497626,0.021730777233873077,-0.0027903575598853154
2025-06-06,-0.27682907881410035,0.021730777235203252,-0.002685585631556048
2025-06-09,0.3853137179305355,0.02173077723478648,-0.002669466300851374
2025-06-10,-0.18517502797534835,0.021730777233318146,-0.0024438012545549316
2025-06-11,-0.19043172943913333,0.021730777232819604,-0.0022310312996568216
2025-06-12,-2.8914672160840094,0.02173077723386573,-0.0023615952729911897
2025-06-13,2.4496133857269564,0.021730777234949587,-0.0021407656509499565
2025-06-16,0.7306109646138204,0.02173077723464113,-0.0027887463710631784
2025-06-17,-2.9577562608473773,0.021730777233463366,-0.002787133321541707
2025-06-18,2.999810138598824,0.02173077723303981,-0.002906413392031716
2025-06-19,-4.156682027649772,0.021730777233864726,-0.0028483864068728076
2025-06-20,5.074205853126901,0.021730777234747277,-0.0031852718582607645
2025-06-23,0.25015253203173327,0.021730777234520757,-0.0026130505048371916
2025-06-24,-0.3712494674700251,0.02173077723357652,-0.0030369773658754998
2025-06-25,-0.4886988393402514,0.021730777233217913,-0.0027855221337330753
2025-06-26,0.0,0.021730777233867855,-0.002408340215654163
2025-06-27,-0.41252421922959304,0.021730777234586003,-0.002566305562106845
2025-06-30,0.03821902129808041,0.0217307772344212,-0.002769402801408343
2025-07-01,0.006161809107152472,0.02173077723366456,-0.0026033777894334323
2025-07-02,0.03943555529883902,0.021730777233361892,-0.003043423980951615
2025-07-03,-0.00862500672137445,0.021730777233873528,-0.002985396996105987
2025-07-04,-0.1927921446720049,0.02173077723445752,-0.0034947540753855443
2025-07-07,-0.1586069539840973,0.021730777234338975,-0.0032416876549489736
2025-07-08,0.8709382533378607,0.021730777233732956,-0.0033674143404829326
2025-07-09,-0.35480571140849015,0.021730777233478216,-0.0035076491687329736
2025-07-10,-0.1598917655740717,0.021730777233880616,-0.0034189947098077766
2025-07-11,-0.15953428164459105,0.021730777234355212,-0.0032997146392667286
2025-07-14,0.07958733634740867,0.021730777234271144,-0.0032916568364352236
2025-07-15,0.21082600981692234,0.021730777233786004,-0.003857429713063819
2025-07-16,-0.0252247504843206,0.021730777233572154,-0.00399444030251965
2025-07-17,0.11752688204349493,0.021730777233888342,-0.004255566388319299
2025-07-18,0.35953094607521496,0.021730777234273795,-0.0041556298877421585
2025-07-21,-0.053278352991426026,0.021730777234215255,-0.004063751190524583
2025-07-22,0.0520801421481476,0.02173077723382708,-0.004224940776836907
2025-07-23,-0.5156324156434633,0.021730777233647976,-0.004160465315175381
2025-07-24,0.1280358315178587,0.021730777233896173,-0.0041749734579945436
2025-07-25,0.251445593026034,0.02173077723420904,-0.003646272807943364
2025-07-28,0.28208744710860323,0.021730777234169257,-0.0036785096075808883
2025-07-29,0.2800757124075126,0.021730777233858817,-0.003325504824499375
2025-07-30,-0.18843079464890833,0.02173077723370914,-0.0030063517541992248
2025-07-31,0.3598530612926698,0.02173077723390377,-0.0032787617444344705
2025-08-01,0.3421190741787594,0.021730777234157568,-0.0031449735310468616
2025-08-04,0.0,0.02173077723413144,-0.0033980399516281047
2025-08-05,-0.7340896681429343,0.021730777233883294,-0.004147570222571936
2025-08-06,0.09473169539175874,0.021730777233758457,-0.003920293986877911
2025-08-07,-0.2613329548923793,0.021730777233910915,-0.0034012641906019485
2025-08-08,-0.2124323978866638,0.021730777234116677,-0.003352908059677001
2025-08-11,-0.3128834355828225,0.021730777234100378,-0.0030289176997909187
2025-08-12,0.3015570188934724,0.02173077723390213,-0.003211062043842163
2025-08-13,-0.3055577659068609,0.0217307772337982,-0.002898353725712604
2025-08-14,-0.8567114735123615,0.021730777233917493,-0.0027307175248076736
2025-08-15,0.37246259854739616,0.02173077723408421,-0.002661406635992923
2025-08-18,0.1669862081761453,0.02173077723407489,-0.00304503703093785
2025-08-19,0.05804143384169347,0.021730777233916587,-0.0032884325980364615
2025-08-20,0.43071940837624556,0.021730777233830215,-0.003662390276798485
2025-08-21,-0.0712776850563146,0.021730777233923443,-0.0038880553244700355
2025-08-22,0.46791969653281473,0.021730777234058453,-0.004178195833940433
2025-08-25,-0.6897323326950144,0.021730777234053998,-0.004371624082111926
2025-08-26,0.24650274234301328,0.021730777233927655,-0.00418142007282455
2025-08-27,0.1979479640529913,0.02173077723385599,-0.004068588480336401
2025-08-28,0.09080080316921091,0.021730777233928755,-0.0042974759041365836
2025-08-29,0.18572885060377242,0.02173077723403803,-0.004173360407153454
2025-09-01,0.39585785922713335,0.021730777234036887,-0.004221716537873781
2025-09-02,-0.023162784142849446,0.021730777233936106,-0.004413531735442365
2025-09-03,0.2359079664864261,0.02173077723387673,-0.004545706897936319
2025-09-04,0.1161501159778977,0.02173077723393345,-0.004837458595539093
2025-09-05,-0.06621144764016318,0.021730777234021843,-0.004518305525000869
2025-09-08,-0.36530054401539,0.021730777234022884,-0.003833250716144772
2025-09-09,0.330036660413624,0.021730777233942535,-0.003975098594919655
2025-09-10,0.02311053283317044,0.02173077723389341,-0.0037510447352580856
2025-09-11,-0.06626417404456131,0.02173077723393756,-0.003514097645780267
2025-09-12,-0.1545129912099319,0.021730777234009027,-0.00313691386563468
2025-09-15,-0.07676323094785165,0.02173077723401143,-0.002751672282642583
2025-09-16,-0.22194006844095115,0.02173077723394741,-0.002725882097970353
2025-09-17,0.2047101719544031,0.021730777233906824,-0.002969277664951246
2025-09-18,0.12501448636328405,0.021730777233941137,-0.003032141938703478
2025-09-19,0.9166433409708352,0.021730777233998886,-0.0030402016042064516
2025-09-22,0.40980133034254074,0.021730777234002078,-0.002916086107329404
2025-09-23,-0.3305884474364418,0.02173077723395109,-0.0029950678496432313
2025-09-24,0.3075624170787661,0.0217307772339176,-0.0032400746046711143
2025-09-25,0.3733518269404268,0.021730777233944225,-0.003515708833827687
2025-09-26,0.38334602067340295,0.021730777233990865,-0.003423831999150081
2025-09-29,-0.21540303606051303,0.02173077723399444,-0.003459293037497563
2025-09-30,-0.5680798899718953,0.02173077723395386,-0.003491529837135885
2025-10-01,0.33076738032233877,0.021730777233926257,-0.0035092622189841667
2025-10-02,-0.23317383339327424,0.02173077723394688,-0.0037349254040831732
2025-10-03,-0.25594421070999074,0.02173077723398453,-0.003551169872138441
2025-10-06,-0.2620245158569956,0.02173077723398821,-0.003707524031251505
2025-10-07,0.23251600434834874,0.021730777233955927,-0.0035979148148321434
2025-10-08,-0.05724098454493731,0.021730777233933202,-0.00367044994225622
2025-10-09,-0.18689335021402353,0.021730777233949148,-0.003628540426382578
2025-10-10,0.1310655880043532,0.021730777233979526,-0.003507649168231663
2025-10-13,0.12245837605160403,0.02173077723398313,-0.0030095741300334017
2025-10-14,-0.30124111338715176,0.021730777233957468,-0.003963814690590681
2025-10-15,0.229033059131023,0.021730777233938778,-0.0037800591587022897
2025-10-16,-0.06572082532921852,0.02173077723395108,-0.003494754075891983
2025-10-17,-0.079032334087481,0.021730777233975578,-0.003673674180967163
2025-10-20,0.024753254628429033,0.021730777233978992,-0.003913845509150738
2025-10-21,-0.14487504527345152,0.021730777233958602,-0.0034431737064119575
2025-10-22,0.34397527883569534,0.02173077723394325,-0.0030321419387013653
2025-10-23,-0.013861046188934356,0.02173077723395272,-0.0024824865310247336
2025-10-24,-0.016863864833005504,0.021730777233972466,-0.0026211083083010553
2025-10-27,0.02410538762476211,0.021730777233975627,-0.002841937929255269
2025-10-28,-2.648547188457051,0.021730777233959435,-0.002329356610654594
2025-10-29,2.4976736064922456,0.021730777233946834,-0.0026211083083266876
2025-10-30,0.0013326051570006214,0.02173077723395411,-0.0028467733560841903
2025-10-31,-2.487622267842049,0.021730777233970013,-0.003689793512094173
2025-11-03,2.9721362229102155,0.021730777233972886,-0.003809073582157752
2025-11-04,0.06554654615154032,0.021730777233960035,-0.004191090926406977
2025-11-05,0.3972117362846417,0.021730777233949703,-0.004561826228984791
2025-11-06,-0.22744957203567617,0.02173077723395528,-0.004993812754634008
2025-11-07,0.15057657552941528,0.021730777233968088,-0.00514855386303871
2025-11-10,-0.24619242928153318,0.02173077723397066,-0.005312965825068457
2025-11-11,0.22218218939531464,0.02173077723396047,-0.005469319984195392
2025-11-12,0.02936123801677848,0.021730777233952003,-0.005382278576380295
2025-11-13,0.2042516491691515,0.02173077723395626,-0.005348428726079064
2025-11-14,-0.05977643612887773,0.021730777233966568,-0.005725610643497726
2025-11-17,-0.23625814941085066,0.021730777233968848,-0.006579912841190225
2025-11-18,0.35612812509366876,0.02173077723396077,-0.005898082271096564
2025-11-19,-0.06691701135441708,0.021730777233953842,-0.00645418615627729
2025-11-20,-0.24510244633071387,0.021730777233957086,-0.005665970608473982
2025-11-21,0.26548558626993124,0.021730777233965378,-0.005812652051322479
2025-11-24,-0.5498774729543965,0.021730777233967376,-0.005287175640335488
2025-11-25,0.03605985936654399,0.021730777233960982,-0.0052210889904471675
2025-11-26,-0.06908981676179149,0.021730777233955317,-0.004434486493352003
2025-11-27,-0.11302961643671061,0.021730777233957776,-0.004492515340328684
2025-11-28,-0.06499562816528748,0.021730777233964445,-0.004503799244636057
2025-12-01,0.18730303509022495,0.021730777233966186,-0.004407085120550797
2025-12-02,-0.15629696423203887,0.021730777233961125,-0.004426426827785473
2025-12-03,0.005421100758629116,0.021730777233956493,-0.004350669324280583
2025-12-04,-0.0957283924109209,0.021730777233958352,-0.003975098594903838
2025-12-05,0.3639893372604508,0.02173077723396371,-0.00421526992308547
2025-12-08,0.17172404111949202,0.02173077723396522,-0.003875160232060134
2025-12-09,0.01798237727026475,0.021730777233961215,-0.003963814690586934
2025-12-10,-0.14383315354189463,0.021730777233957433,-0.004287805050493098
2025-12-11,-0.13803865082222533,0.021730777233958835,-0.00459084065246523
2025-12-12,0.06009976561092145,0.021730777233963137,-0.00480683298396575
2025-12-15,-0.15556724502973074,0.021730777233964434,-0.004887427776926526
2025-12-16,0.1365640127801271,0.02173077723396127,-0.005382278576371028
2025-12-17,-0.007216065425663665,0.021730777233958186,-0.005441918611407338
2025-12-18,0.07450098479999667,0.021730777233959234,-0.00519368575501343
2025-12-19,0.16929350273158228,0.02173077723396269,-0.0053983960448459045
2025-12-22,-0.0401506668405327,0.0217307772339638,-0.0049067694841567755
2025-12-23,0.4670707235362892,0.0217307772339613,-0.004673046633478922
2025-12-24,-0.1277147246790178,0.021730777233958783,-0.004713343098639904
2025-12-26,0.1081542239318889,0.021730777233959567,-0.004660151541112531
2025-12-29,-0.0716285360906288,0.02173077723396234,-0.00470689462112971
2025-12-30,0.17263137607050894,0.021730777233963286,-0.004740744471425737
2025-12-31,-0.36374478234942886,0.021730777233961312,-0.004166913792368682
2026-01-02,-0.2453767430726006,0.02173077723395926,-0.004297475904106077
2026-01-05,0.08999280057595538,0.02173077723395984,-0.004208821445582701
2026-01-06,0.2649356755379806,0.021730777233962065,-0.003634988903876299
2026-01-07,0.08848332022859395,0.02173077723396287,-0.0033287290631486416
2026-01-08,0.06570302233903647,0.021730777233961315,-0.0029176972954242514
2026-01-09,0.31456586133826736,0.021730777233959647,-0.0027484480439410493
2026-01-12,0.12495760947910384,0.02173077723396007,-0.001281628027437292
2026-01-13,0.19434097828623376,0.021730777233961853,0.0007364604474342194
2026-01-14,-0.11032189131318093,0.021730777233962533,0.002093673110131738
2026-01-15,0.025526269093956167,0.02173077723396131,0.0037490859479934815
2026-01-16,0.20065646409825888,0.02173077723395995,0.004722668215753352
2026-01-19,-0.01363110864306405,0.021730777233960257,0.0065247634277959925
2026-01-20,0.36974504384363893,0.021730777233961687,0.008557359114411935
2026-01-21,0.12456230813506775,0.02173077723396226,0.010377184845630369
2026-01-22,-0.3720473984723527,0.021730777233961295,0.011491001941385935
2026-01-23,-0.4557021956560381,0.02173077723396019,0.013530044242860834
2026-01-26,-0.29726516052318575,0.021730777233960413,0.015499776121350312
2026-01-27,-0.21466905187835783,0.021730777233961558,0.01634763123852346
2026-01-28,-0.35437302049718955,0.02173077723396204,0.01734378038359068
2026-01-29,0.28847034581536146,0.02173077723396128,0.018752573182928618
2026-01-30,0.3318822051759929,0.021730777233960386,0.019503714641677494
2026-02-02,-0.11860790245957764,0.02173077723396054,0.02123488632182634
2026-02-03,0.0,0.021730777233961458,0.02289191087161326
2026-02-04,0.0035779630574772625,0.021730777233961864,0.02362532146194194
2026-02-05,0.24464466853630906,0.021730777233961267,0.023602754933881802
2026-02-06,0.4755975632440457,0.021730777233960538,0.02322718432092151
2026-02-09,-0.21564339707369484,0.021730777233960646,0.022966057885559815
2026-02-10,-0.28200789622109257,0.02173077723396138,0.022740393070626416
2026-02-11,-0.1071683734222395,0.021730777233961718,0.022771019031416373
2026-02-12,0.0947692849266879,0.021730777233961253,0.022301958533126144
2026-02-13,0.08991127149611255,0.02173077723396066,0.02193767102412469
2026-02-16,0.10172889151645048,0.021730777233960736,0.02213109800627518
2026-02-17,-0.11589138572040136,0.02173077723396132,0.022356762850313728
2026-02-18,0.19873377959434002,0.021730777233961603,0.022598546588915965
2026-02-19,0.4471542829572517,0.021730777233961236,0.022592099042731534
2026-02-20,-0.16613102458781226,0.021730777233960757,0.02260982985294489
2026-02-23,-0.2593611146386565,0.021730777233960805,0.02250183310511592
2026-02-24,-0.23213607981891204,0.021730777233961274,0.022363210396497746
2026-02-25,0.07438571924365256,0.02173077723396151,0.021425089516333776
2026-02-26,-0.39841109418803367,0.021730777233961225,0.02161851651303582
2026-02-27,-0.004780840443763257,0.021730777233960833,0.021573383544227834
2026-03-02,0.27464326228432423,0.021730777233960864,0.021334823578717944
2026-03-03,0.4048824054778244,0.02173077723396124,0.02148150572006704
2026-03-04,0.20814569990512677,0.021730777233961437,0.021655590012733757
2026-03-05,-0.1958777030562464,0.02173077723396121,0.022247154215938585
2026-03-06,0.28520373184108827,0.021730777233960896,0.022450252561020522
2026-03-09,0.06267100425001448,0.021730777233960913,0.022978952977928208
2026-03-10,-0.2227599194638996,0.02173077723396121,0.021913492667727345
2026-03-11,-0.20135023096056193,0.021730777233961374,0.022282615836366416
2026-03-12,0.18988844054117493,0.0217307772339612,0.022350315304129547
2026-03-13,0.1421464108031234,0.021730777233960944,0.021937671024124975
2026-03-16,0.26082096862432014,0.02173077723396095,0.021950566160148854
2026-03-17,0.005898974304319182,0.02173077723396119,0.021624964073771763
2026-03-18,0.10736191194755662,0.021730777233961326,0.022598546588915688
2026-03-19,0.4148087315603899,0.02173077723396119,0.023012802711810137
2026-03-20,-0.7381824224816147,0.021730777233960982,0.02254213038518181
2026-03-23,0.2565656549328832,0.021730777233960986,0.022780690350691735
2026-03-24,-0.555454337947392,0.021730777233961177,0.0223970601303793
2026-03-25,-0.4020066865618288,0.021730777233961288,0.022700095790560607
2026-03-26,-0.28398117350048047,0.02173077723396118,0.022335808267007724
2026-03-27,1.0471915431747192,0.021730777233961013,0.021558876521658128
2026-03-30,0.19497784342688007,0.02173077723396101,0.021550817059824215
2026-03-31,0.10260874292369326,0.021730777233961163,0.020116233624640045
2026-04-01,-0.22974421281714008,0.021730777233961256,0.02004208649427745
2026-04-02,-0.07262925395179476,0.021730777233961173,0.02034189843957419
2026-04-03,0.20621711896369188,0.021730777233961038,0.020533713520626537
2026-04-06,0.17100064862314301,0.021730777233961034,0.020393478925461877
2026-04-07,0.16070627060278397,0.021730777233961152,0.0202210064829617
2026-04-08,0.07111017037284562,0.021730777233961232,0.02039186703891606
2026-04-09,-0.12861852145709118,0.021730777233961166,0.020345122212666215
2026-04-10,0.3146040986739651,0.021730777233961055,0.020875434516119788
2026-04-13,0.14068819977723912,0.02173077723396105,0.02062559128658009
2026-04-14,-0.022248909734823297,0.021730777233961145,0.02054338483990274
2026-04-15,0.2915873315379347,0.02173077723396121,0.020432164318981753
2026-04-16,0.0998284159904328,0.02173077723396116,0.020322555684606666
2026-04-17,-0.13472223946704442,0.021730777233961072,0.02046440216631725
2026-04-20,0.05840098113647496,0.021730777233961066,0.02092056745582356
2026-04-21,-0.05369298284013668,0.021730777233961142,0.02109303989832393
2026-04-22,0.05430352901081292,0.021730777233961194,0.02159917381627594
2026-04-23,0.38755620488348796,0.021730777233961156,0.02179904835916229
2026-04-24,0.7529288642111664,0.021730777233961083,0.02216817154235304
2026-04-27,-0.4789658953199827,0.021730777233961076,0.022488937954540402
2026-04-28,-0.17395338049402964,0.02173077723396114,0.02244058124174467
2026-04-29,0.16263940520446774,0.02173077723396118,0.02299668384634997
2026-04-30,0.5230759612038893,0.021730777233961152,0.02256953257287957
2026-05-01,-0.13383496091879943,0.021730777233961093,0.022524399574968088
2026-05-04,-0.12997516030269773,0.021730777233961086,0.022369658000889282
2026-05-05,0.3337433481794161,0.021730777233961135,0.02214238127030535
2026-05-06,0.2513609001611794,0.02173077723396117,0.02219073804130884
2026-05-07,-0.5342234324223316,0.021730777233961145,0.0219473423725051
2026-05-08,-0.011562765321149193,0.0217307772339611,0.021950566160149003
2026-05-11,0.364845173720707,0.021730777233961093,0.02181516727555409
2026-05-12,0.3168567807350975,0.02173077723396113,0.02137028519914588
2026-05-13,0.7810256704760876,0.021730777233961163,0.021230050662188915
2026-05-14,-0.2792181890706069,0.021730777233961145,0.02119781281485326
2026-05-15,0.17485491071429493,0.021730777233961107,0.02160884515737982
2026-05-18,0.316021082332929,0.0217307772339611,0.021799048359162236
2026-05-19,0.6539292619128778,0.02173077723396113,0.021715229998653964
2026-05-20,0.42935427376984414,0.021730777233961156,0.02176358674601058
2026-05-21,-0.6671519906339629,0.021730777233961142,0.021874807274207576
2026-05-22,0.1902754985261268,0.02173077723396111,0.02177648187839643
2026-05-25,0.0,0.021730777233961107,0.022055339105782168
2026-05-26,0.39565905494007847,0.02173077723396113,0.021894149970967416
2026-05-27,-0.3507531879855863,0.02173077723396115,0.02177809376858046
2026-05-28,0.589279964370859,0.02173077723396114,0.021810331601364173
2026-05-29,0.20220175241518756,0.021730777233961114,0.0218554645774477
